ship images/ship.gif
planet images/planet.gif
universe images/universe.jpg
gold images/gold.jpg
iron images/iron.jpg
angar images/angar.jpg
shipBuild images/shipBuild.jpg
shipBuildTrue images/shipBuildtrue.jpg
flag images/flag.png
planet1 images/tmp-1.gif
planet2 images/tmp-2.gif
planet3 images/tmp-3.gif
planet4 images/tmp-4.gif
planet5 images/tmp-5.gif
planet6 images/tmp-6.gif
planet7 images/tmp-7.gif
planet8 images/tmp-8.gif
planet9 images/tmp-9.gif
planet10 images/tmp-10.gif
planet11 images/tmp-11.gif
planet12 images/tmp-12.gif
planet13 images/tmp-13.gif
planet14 images/tmp-14.gif
planet15 images/tmp-15.gif
planet16 images/tmp-16.gif
planet17 images/tmp-17.gif
planet18 images/tmp-18.gif
planet19 images/tmp-19.gif
planet20 images/tmp-20.gif
planet21 images/tmp-21.gif
planet22 images/tmp-22.gif
planet23 images/tmp-23.gif
planet24 images/tmp-24.gif
planet25 images/tmp-25.gif
planet26 images/tmp-26.gif
planet27 images/tmp-27.gif
planet28 images/tmp-28.gif
planet29 images/tmp-29.gif
planet30 images/tmp-30.gif
planet31 images/tmp-31.gif
planet32 images/tmp-32.gif
planet33 images/tmp-33.gif
planet34 images/tmp-34.gif
planet35 images/tmp-35.gif
planet36 images/tmp-36.gif
planet37 images/tmp-37.gif
planet38 images/tmp-38.gif
planet39 images/tmp-39.gif
planet40 images/tmp-40.gif
planet41 images/tmp-41.gif
planet42 images/tmp-42.gif
planet43 images/tmp-43.gif
planet44 images/tmp-44.gif
planet45 images/tmp-45.gif
planet46 images/tmp-46.gif
planet47 images/tmp-47.gif
planet48 images/tmp-48.gif
planet49 images/tmp-49.gif
planet50 images/tmp-50.gif
planet51 images/tmp-51.gif
planet52 images/tmp-52.gif
planet53 images/tmp-53.gif
planet54 images/tmp-54.gif
planet55 images/tmp-55.gif
planet56 images/tmp-56.gif
planet57 images/tmp-57.gif
planet58 images/tmp-58.gif
planet59 images/tmp-59.gif
planet60 images/tmp-60.gif
planet61 images/tmp-61.gif
planet62 images/tmp-62.gif
planet63 images/tmp-63.gif
planet64 images/tmp-64.gif
planet65 images/tmp-65.gif
planet66 images/tmp-66.gif
planet67 images/tmp-67.gif
planet68 images/tmp-68.gif
planet69 images/tmp-69.gif
planet70 images/tmp-70.gif
planet71 images/tmp-71.gif
planet72 images/tmp-72.gif
planet73 images/tmp-73.gif
planet74 images/tmp-74.gif
planet75 images/tmp-75.gif
planet76 images/tmp-76.gif
planet77 images/tmp-77.gif
planet78 images/tmp-78.gif
planet79 images/tmp-79.gif
planet80 images/tmp-80.gif
planet81 images/tmp-81.gif
planet82 images/tmp-82.gif
planet83 images/tmp-83.gif
planet84 images/tmp-84.gif
planet85 images/tmp-85.gif
planet86 images/tmp-86.gif
planet87 images/tmp-87.gif
planet88 images/tmp-88.gif
planet89 images/tmp-89.gif
planet90 images/tmp-90.gif
planet91 images/tmp-91.gif
planet92 images/tmp-92.gif
planet93 images/tmp-93.gif
planet94 images/tmp-94.gif
planet95 images/tmp-95.gif
planet96 images/tmp-96.gif
planet97 images/tmp-97.gif
planet98 images/tmp-98.gif
planet99 images/tmp-99.gif
planet0 images/tmp-0.gif
